id,first_name,last_name,email,gender,ip_address,color,parentId
1,Heywood,Wagerfield,hwagerfield0@nationalgeographic.com,Male,61.130.172.123,Yellow,1
2,Elita,Mees,emees1@canalblog.com,Female,39.71.77.39,Red,2
3,Garold,Duguid,gduguid2@liveinternet.ru,Male,57.93.115.210,Aquamarine,3
4,Galvan,Dyball,gdyball3@utexas.edu,Male,181.192.151.106,Green,4
5,Skylar,Merkel,smerkel4@printfriendly.com,Male,181.178.94.230,Mauv,5
6,Giacomo,McGloughlin,gmcgloughlin5@mashable.com,Male,209.191.184.71,Maroon,6
7,Pier,Harness,pharness6@pen.io,Female,90.128.211.129,Mauv,7
8,Dolf,D'Onisi,ddonisi7@paginegialle.it,Male,195.222.106.206,Indigo,8
9,Siouxie,Goskar,sgoskar8@intel.com,Female,142.248.18.14,Blue,9
10,Allis,Kas,akas9@fotki.com,Female,46.230.245.92,Pink,10
11,Shellysheldon,Oxton,soxtona@constantcontact.com,Male,125.111.88.87,Khaki,11
12,Glori,Castille,gcastilleb@ihg.com,Female,29.5.241.22,Turquoise,12
13,Ramsey,Champley,rchampleyc@lulu.com,Male,125.32.30.246,Turquoise,13
14,Brianne,Matura,bmaturad@cyberchimps.com,Female,181.226.222.189,Yellow,14
15,Shawnee,Hanhard,shanharde@infoseek.co.jp,Female,216.185.187.245,Goldenrod,15
16,Eugen,Lean,eleanf@spotify.com,Male,243.131.250.83,Green,16
17,Brigitte,Prenty,bprentyg@blog.com,Female,63.252.189.167,Mauv,17
18,Egbert,Jumonet,ejumoneth@example.com,Male,176.194.140.113,Turquoise,18
19,Lodovico,Tenman,ltenmani@skyrock.com,Male,116.86.207.63,Yellow,19
20,Jinny,Guise,jguisej@360.cn,Female,141.197.117.178,Purple,20
21,Hetty,Lucchi,hlucchik@msu.edu,Female,1.226.79.221,Purple,21
22,Galvin,Renault,grenaultl@google.nl,Male,246.174.111.40,Teal,22
23,Fielding,McDill,fmcdillm@over-blog.com,Male,47.205.175.193,Yellow,23
24,Riley,Dudleston,rdudlestonn@parallels.com,Male,185.46.251.30,Green,24
25,Tessie,Ikringill,tikringillo@yellowpages.com,Female,67.227.236.64,Orange,
26,Cesare,Marriot,cmarriotp@marriott.com,Male,175.24.2.42,Orange,26
27,Coral,Siuda,csiudaq@uol.com.br,Female,148.35.1.66,Maroon,27
28,Melinda,Winear,mwinearr@dailymotion.com,Female,46.244.35.7,Crimson,28
29,Alard,Bohman,abohmans@networkadvertising.org,Male,168.184.203.30,Violet,29
30,Filippo,McConnachie,fmcconnachiet@mediafire.com,Male,226.193.35.188,Pink,30
31,Madelaine,Horrell,mhorrellu@psu.edu,Female,238.143.154.122,Pink,31
32,Nomi,Teml,ntemlv@google.ru,Female,183.64.15.212,Khaki,32
33,Richie,Riggoll,rriggollw@ed.gov,Male,209.5.253.91,Turquoise,33
34,Thoma,Yegorovnin,tyegorovninx@wikia.com,Male,30.103.197.164,Puce,34
35,Bea,Myatt,bmyatty@blog.com,Female,97.186.228.22,Purple,
36,Marcille,Boij,mboijz@alibaba.com,Female,8.85.31.81,Green,36
37,Rodney,Atherley,ratherley10@amazon.co.jp,Male,249.83.252.33,Pink,37
38,Clarence,O'Dee,codee11@tmall.com,Male,68.50.175.42,Purple,38
39,Ninetta,Sworne,nsworne12@soup.io,Female,96.112.74.27,Teal,39
40,Jordan,Carlett,jcarlett13@ibm.com,Female,187.152.93.152,Indigo,40
41,Andonis,Gruszczak,agruszczak14@purevolume.com,Male,251.37.142.46,Blue,
42,Saxon,Hoggan,shoggan15@fda.gov,Male,103.76.18.213,Blue,
43,Norina,Lillgard,nlillgard16@jigsy.com,Female,233.107.72.130,Yellow,43
44,Tim,Whotton,twhotton17@typepad.com,Male,153.36.64.201,Aquamarine,44
45,Stormie,Springate,sspringate18@is.gd,Female,147.34.4.44,Crimson,45
46,Stuart,Learoid,slearoid19@bizjournals.com,Male,91.91.118.245,Khaki,46
47,Solomon,Boscott,sboscott1a@xing.com,Male,151.87.95.61,Crimson,47
48,Natal,Davidde,ndavidde1b@hubpages.com,Male,195.156.205.255,Puce,48
49,Meghann,Martonfi,mmartonfi1c@umn.edu,Female,26.6.122.59,Khaki,49
50,Mia,Wilkowski,mwilkowski1d@mozilla.com,Female,235.42.202.148,Red,50
51,Carolann,Endley,cendley1e@examiner.com,Female,9.199.159.226,Puce,51
52,Henrieta,Pincked,hpincked1f@zdnet.com,Female,155.221.38.2,Turquoise,52
53,Stearne,Upward,supward1g@rakuten.co.jp,Male,195.192.193.218,Turquoise,
54,Emanuele,Lesley,elesley1h@bluehost.com,Male,71.160.109.193,Yellow,54
55,Isiahi,Brimmell,ibrimmell1i@example.com,Male,213.214.95.204,Blue,55
56,Rosina,Pactat,rpactat1j@cornell.edu,Female,182.251.58.3,Teal,56
57,Alvera,Shippard,ashippard1k@spotify.com,Female,65.189.99.111,Violet,57
58,Hanna,Paddock,hpaddock1l@ucoz.com,Female,250.51.245.228,Goldenrod,58
59,Abby,MacCague,amaccague1m@jiathis.com,Male,79.130.185.211,Violet,59
60,Biron,Kittredge,bkittredge1n@diigo.com,Male,152.152.99.177,Turquoise,60
61,Philbert,Scurfield,pscurfield1o@youtube.com,Male,192.156.247.223,Mauv,
62,Brendon,Cregeen,bcregeen1p@is.gd,Male,220.114.190.75,Aquamarine,62
63,Nataline,Renfrew,nrenfrew1q@slashdot.org,Female,201.33.183.121,Green,63
64,Courtnay,Penniell,cpenniell1r@phpbb.com,Female,203.107.216.206,Green,64
65,Fifine,Orht,forht1s@nih.gov,Female,133.172.100.87,Violet,65
66,Irvine,Jocelyn,ijocelyn1t@google.cn,Male,61.31.161.100,Violet,66
67,Sabine,Cawsby,scawsby1u@fastcompany.com,Female,231.30.175.48,Fuscia,67
68,Jeremie,Richardt,jrichardt1v@spiegel.de,Male,148.131.252.17,Green,68
69,Elsy,Lemery,elemery1w@smugmug.com,Female,13.157.45.90,Violet,69
70,Georgie,Trosdall,gtrosdall1x@pbs.org,Female,224.149.145.114,Blue,70
71,Cullie,Oleszcuk,coleszcuk1y@dyndns.org,Male,145.5.199.7,Turquoise,71
72,Hewett,Grzegorzewicz,hgrzegorzewicz1z@seattletimes.com,Male,202.175.197.221,Green,72
73,Osborn,Kipling,okipling20@apple.com,Male,148.19.82.135,Puce,73
74,Lorne,Marling,lmarling21@moonfruit.com,Male,41.67.177.174,Violet,74
75,Mahmud,Spira,mspira22@ucla.edu,Male,221.145.120.100,Pink,75
76,Wendie,Phil,wphil23@ucsd.edu,Female,110.146.122.120,Purple,
77,Eddie,Eglinton,eeglinton24@weather.com,Male,86.205.128.85,Pink,77
78,Leo,Synder,lsynder25@odnoklassniki.ru,Male,110.106.32.178,Orange,78
79,Orv,Tessyman,otessyman26@sogou.com,Male,139.81.114.66,Purple,79
80,Stavro,Coombes,scoombes27@cbsnews.com,Male,120.150.98.45,Aquamarine,
81,Gordy,Smallshaw,gsmallshaw28@reddit.com,Male,195.127.246.51,Indigo,81
82,Rhetta,Goodsall,rgoodsall29@cnn.com,Female,51.108.229.136,Crimson,82
83,Dwayne,Feehan,dfeehan2a@furl.net,Male,162.23.136.23,Green,83
84,Derrik,Reardon,dreardon2b@si.edu,Male,66.31.119.60,Violet,
85,Sayers,Bartczak,sbartczak2c@gizmodo.com,Male,48.211.192.115,Indigo,85
86,Dionysus,Hebblewaite,dhebblewaite2d@upenn.edu,Male,4.171.11.221,Teal,86
87,Jarred,Bramley,jbramley2e@google.com.hk,Male,27.195.19.73,Yellow,87
88,Gwyneth,Calafato,gcalafato2f@seesaa.net,Female,45.158.107.140,Teal,88
89,Dennet,Andre,dandre2g@printfriendly.com,Male,139.12.179.180,Indigo,89
90,Alyson,Ziehm,aziehm2h@booking.com,Female,164.232.142.168,Teal,90
91,Darin,Starbeck,dstarbeck2i@state.gov,Male,54.119.237.130,Puce,91
92,Grantley,Fannin,gfannin2j@weebly.com,Male,148.19.124.38,Red,92
93,Waylin,Ezele,wezele2k@xinhuanet.com,Male,117.154.184.24,Purple,93
94,Hakim,Manuelli,hmanuelli2l@istockphoto.com,Male,177.11.41.6,Khaki,94
95,Glynn,Lammers,glammers2m@themeforest.net,Male,45.92.54.127,Maroon,95
96,Caryn,Albers,calbers2n@google.co.uk,Female,163.57.119.227,Pink,96
97,Kellen,Popping,kpopping2o@statcounter.com,Male,129.108.223.199,Khaki,97
98,Cammy,Meharry,cmeharry2p@pagesperso-orange.fr,Male,217.78.229.161,Teal,98
99,Bary,Hamner,bhamner2q@feedburner.com,Male,91.70.68.234,Puce,
100,Gard,Merdew,gmerdew2r@reference.com,Male,75.69.133.130,Goldenrod,
101,Colman,Maystone,cmaystone2s@pcworld.com,Male,164.98.22.86,Violet,101
102,Annemarie,Cicchillo,acicchillo2t@google.cn,Female,112.195.7.222,Puce,102
103,Nancie,Moyce,nmoyce2u@umich.edu,Female,234.136.174.78,Aquamarine,103
104,Krystalle,Halbard,khalbard2v@github.io,Female,98.168.238.168,Purple,
105,Phaedra,Zuenelli,pzuenelli2w@mashable.com,Female,86.105.165.205,Yellow,105
106,Kakalina,Draijer,kdraijer2x@webnode.com,Female,59.197.31.156,Maroon,106
107,Burnaby,Hasney,bhasney2y@yale.edu,Male,247.223.244.128,Khaki,107
108,Gracie,Mc Grath,gmcgrath2z@timesonline.co.uk,Female,228.107.164.212,Khaki,108
109,Tomkin,De Cleen,tdecleen30@reuters.com,Male,83.179.154.82,Crimson,109
110,Barret,Froschauer,bfroschauer31@hugedomains.com,Male,210.91.104.205,Pink,110
111,Kelley,Fagan,kfagan32@digg.com,Male,165.5.80.158,Maroon,111
112,Zaccaria,Brumbie,zbrumbie33@privacy.gov.au,Male,176.152.38.107,Mauv,
113,Wilek,Douglass,wdouglass34@oaic.gov.au,Male,184.77.198.214,Yellow,113
114,Joelie,Stevani,jstevani35@behance.net,Female,98.169.190.229,Crimson,114
115,Cherilyn,Fugere,cfugere36@xrea.com,Female,44.192.190.238,Purple,115
116,Ashien,Croce,acroce37@skyrock.com,Female,161.97.117.206,Violet,116
117,Eduino,Barclay,ebarclay38@businesswire.com,Male,51.127.105.20,Indigo,117
118,Nikolaos,Sommerland,nsommerland39@sitemeter.com,Male,61.50.74.74,Violet,118
119,Rip,Blackley,rblackley3a@so-net.ne.jp,Male,116.204.176.118,Violet,119
120,Herman,Allans,hallans3b@examiner.com,Male,37.200.104.202,Teal,120
121,Avril,Gellert,agellert3c@timesonline.co.uk,Female,218.223.238.172,Maroon,121
122,Cristionna,Bittleson,cbittleson3d@meetup.com,Female,231.165.218.84,Crimson,
123,Mariana,Glide,mglide3e@xrea.com,Female,244.48.207.57,Goldenrod,
124,Rafi,Commucci,rcommucci3f@istockphoto.com,Male,167.239.200.66,Indigo,124
125,Dur,Sawkins,dsawkins3g@flickr.com,Male,215.234.197.93,Maroon,125
126,Culley,Perch,cperch3h@house.gov,Male,73.21.129.83,Teal,126
127,Lyn,Grundey,lgrundey3i@nba.com,Female,190.8.200.225,Teal,127
128,Tristam,Hickenbottom,thickenbottom3j@skype.com,Male,219.207.230.186,Goldenrod,128
129,Yoshi,Letchford,yletchford3k@creativecommons.org,Female,220.81.227.206,Maroon,129
130,Micky,Lillyman,mlillyman3l@blog.com,Female,0.114.192.185,Fuscia,130
131,Alberta,Demangeon,ademangeon3m@lulu.com,Female,173.75.232.74,Fuscia,131
132,Angelique,Drable,adrable3n@elpais.com,Female,19.154.236.251,Yellow,132
133,Stu,Whitemarsh,swhitemarsh3o@posterous.com,Male,220.213.55.37,Goldenrod,
134,Tailor,Tregidga,ttregidga3p@last.fm,Male,146.62.19.116,Fuscia,134
135,Emmit,Greeson,egreeson3q@storify.com,Male,161.192.45.185,Crimson,135
136,Farlay,Scoble,fscoble3r@nyu.edu,Male,86.105.117.201,Pink,136
137,Vaughan,Markwick,vmarkwick3s@jimdo.com,Male,241.136.167.9,Blue,
138,Peadar,Mulder,pmulder3t@surveymonkey.com,Male,60.133.148.44,Red,138
139,Leonardo,Clissold,lclissold3u@shareasale.com,Male,45.235.102.81,Red,139
140,Natalee,O'Callaghan,nocallaghan3v@lycos.com,Female,97.64.200.124,Purple,140
141,Kim,Lurcock,klurcock3w@amazon.de,Male,217.2.82.165,Violet,141
142,Gabi,Brazil,gbrazil3x@shareasale.com,Male,116.96.85.194,Yellow,142
143,Cristionna,Lorrain,clorrain3y@biblegateway.com,Female,189.27.83.111,Mauv,143
144,Morna,Vater,mvater3z@blog.com,Female,179.206.14.59,Fuscia,144
145,Jessamine,Jesson,jjesson40@eepurl.com,Female,189.158.124.39,Yellow,145
146,Allison,Eddison,aeddison41@bandcamp.com,Female,147.58.104.243,Teal,146
147,Lotty,Inston,linston42@bigcartel.com,Female,212.161.58.169,Red,147
148,Shelden,Jeffcoat,sjeffcoat43@soundcloud.com,Male,204.30.21.136,Crimson,148
149,Elset,Denkin,edenkin44@dyndns.org,Female,200.174.138.233,Violet,149
150,Ermin,Spellissy,espellissy45@yolasite.com,Male,225.217.160.66,Yellow,150
151,Carina,Mundell,cmundell46@de.vu,Female,233.255.31.62,Goldenrod,151
152,Barty,Snawdon,bsnawdon47@domainmarket.com,Male,43.218.199.132,Puce,152
153,Cal,Euston,ceuston48@hhs.gov,Male,204.89.197.41,Yellow,153
154,Gabriela,Amthor,gamthor49@plala.or.jp,Female,15.44.117.229,Maroon,154
155,Winnie,Loche,wloche4a@businesswire.com,Male,193.129.118.120,Orange,155
156,Ricky,Labadini,rlabadini4b@wikia.com,Female,92.50.168.29,Blue,156
157,Dona,Tayloe,dtayloe4c@privacy.gov.au,Female,188.35.190.39,Yellow,157
158,Howard,Bordes,hbordes4d@reference.com,Male,9.115.36.105,Green,158
159,Sheena,Bartlam,sbartlam4e@tripod.com,Female,127.129.82.249,Mauv,159
160,Denice,Kilgrove,dkilgrove4f@naver.com,Female,245.148.234.85,Orange,160
161,Judith,Neljes,jneljes4g@marketwatch.com,Female,238.181.180.17,Pink,161
162,Geno,Yurshev,gyurshev4h@mapquest.com,Male,90.228.186.74,Goldenrod,162
163,Fionnula,Lammin,flammin4i@tamu.edu,Female,119.144.153.246,Fuscia,163
164,Pamella,Espinola,pespinola4j@sun.com,Female,181.51.219.70,Fuscia,164
165,Leanna,Goodswen,lgoodswen4k@de.vu,Female,168.193.23.143,Green,165
166,Ebba,Narraway,enarraway4l@ow.ly,Female,240.224.29.212,Turquoise,166
167,Alleyn,Gurden,agurden4m@sciencedirect.com,Male,49.206.103.233,Blue,167
168,Sabrina,Mattersey,smattersey4n@bloglovin.com,Female,175.228.49.7,Turquoise,168
169,Colline,Sawer,csawer4o@mediafire.com,Female,57.203.253.70,Blue,169
170,Ilka,Inge,iinge4p@answers.com,Female,150.252.234.40,Maroon,170
171,Izaak,Fihelly,ifihelly4q@nps.gov,Male,255.6.46.64,Mauv,171
172,Isadore,McIlveen,imcilveen4r@bing.com,Male,96.68.211.94,Puce,172
173,Herve,Crowdace,hcrowdace4s@biblegateway.com,Male,68.13.221.172,Puce,173
174,Mead,Fahrenbach,mfahrenbach4t@symantec.com,Male,17.43.117.33,Aquamarine,174
175,Stephen,Staning,sstaning4u@irs.gov,Male,166.239.166.52,Khaki,175
176,Jeniffer,Collinge,jcollinge4v@businessinsider.com,Female,115.31.27.34,Mauv,176
177,Francisco,Klaesson,fklaesson4w@shinystat.com,Male,39.42.214.125,Purple,177
178,Evan,Grealy,egrealy4x@uiuc.edu,Male,106.92.82.59,Purple,178
179,Ramsay,Hillen,rhillen4y@networksolutions.com,Male,117.105.184.230,Aquamarine,179
180,Raviv,O' Neligan,roneligan4z@w3.org,Male,243.70.172.58,Red,180
181,Chrisse,Greenstreet,cgreenstreet50@craigslist.org,Male,10.115.133.124,Teal,181
182,Lorraine,Lum,llum51@yale.edu,Female,253.105.116.155,Turquoise,
183,Milly,Juliff,mjuliff52@whitehouse.gov,Female,178.101.167.109,Red,183
184,Elisha,Pala,epala53@ebay.com,Female,67.193.71.238,Aquamarine,184
185,Lorie,Frisby,lfrisby54@cornell.edu,Female,160.171.200.205,Teal,185
186,Stavro,Womack,swomack55@disqus.com,Male,99.127.3.164,Yellow,186
187,Artus,Kleen,akleen56@webs.com,Male,230.7.129.147,Fuscia,187
188,Ignacius,Ashpital,iashpital57@yahoo.com,Male,108.104.168.57,Khaki,188
189,Geoffry,Ubee,gubee58@fda.gov,Male,95.213.186.186,Fuscia,189
190,Andreana,Chalder,achalder59@msu.edu,Female,90.176.35.49,Goldenrod,190
191,Clary,Bielfeldt,cbielfeldt5a@businessweek.com,Female,251.35.148.97,Green,191
192,Emlen,Lander,elander5b@wired.com,Male,56.183.168.90,Aquamarine,192
193,Lawrence,Powdrill,lpowdrill5c@surveymonkey.com,Male,187.242.42.251,Crimson,193
194,Bobbe,Corneljes,bcorneljes5d@vkontakte.ru,Female,111.36.69.212,Indigo,194
195,Kate,Gallyon,kgallyon5e@nyu.edu,Female,157.74.152.251,Fuscia,195
196,Wandie,Franzke,wfranzke5f@infoseek.co.jp,Female,93.194.88.82,Blue,196
197,Karna,Juniper,kjuniper5g@vimeo.com,Female,111.91.131.30,Aquamarine,197
198,Britney,Favell,bfavell5h@mapy.cz,Female,152.90.206.98,Teal,198
199,Helaina,Epdell,hepdell5i@usatoday.com,Female,32.159.140.52,Indigo,199
200,Johnathan,Niezen,jniezen5j@imdb.com,Male,30.82.197.165,Yellow,200
